{"cameraMode":{"drawMode":0,"name":"Shaded","section":"Shading Mode"},"sceneLighting":true,"audioPlay":false,"sceneViewState":{"m_AlwaysRefresh":false,"showFog":true,"showSkybox":true,"showFlares":true,"showImageEffects":true,"showParticleSystems":true,"showVisualEffectGraphs":true,"m_FxEnabled":true},"in2DMode":false,"pivot":{"x":-0.7968095541000366,"y":0.3666331470012665,"z":-7.082557678222656},"rotation":{"x":0.004158103838562965,"y":-0.9956269264221191,"z":0.050813235342502597,"w":0.0793563649058342},"size":1.8388514518737794,"orthographic":false}