{"cameraMode":{"drawMode":0,"name":"Shaded","section":"Shading Mode"},"sceneLighting":false,"audioPlay":false,"sceneViewState":{"m_AlwaysRefresh":false,"showFog":true,"showSkybox":false,"showFlares":true,"showImageEffects":true,"showParticleSystems":true,"showVisualEffectGraphs":true,"m_FxEnabled":true},"in2DMode":false,"pivot":{"x":-2.2619576454162599,"y":0.307716965675354,"z":1.556520938873291},"rotation":{"x":-0.06532815843820572,"y":-0.13611985743045808,"z":0.009096948429942131,"w":-0.9885794520378113},"size":1.5272465944290162,"orthographic":false}